﻿<?xml version="1.0" encoding="utf-8"?>
<DownloadTask>
  <ProjectInfo
    DeviceVersion="16.0.0.0"
    CreationTime="2021-07-08 12:53:52 (UTC)"
    Runtime="COLORADO"
    RtProjectName="EdgeHowTos.HMI[TP900 Comfort]"
    RtProjectFolderName="EdgeHowTos.HMI[TP900 Comfort]"
    DeviceType="TP900 Comfort"
    DisplayOrientation="0"
    RTReleaseNo="16.0.0.0"
    ImageReleaseNo="16.0.0.0"
    RTCV="16.0.0.0"
    PRCV="16.0.0.0"
    FirmwareFileName=""
    RuntimeFileName=""
    RuntimeAddonFolderName="CP_7_9" />
  <FullDownload>pdata.fwc</FullDownload>
  <FullDownload
    type="ADMINDATA">pdata.pwx</FullDownload>
  <FullDownload>ProjectSettings.hsf</FullDownload>
  <FullDownload>DeviceSettings.hsf</FullDownload>
  <FullDownload>SmartServer.rld</FullDownload>
</DownloadTask>