<?xml version="1.0"?>
<DownloadTask xmlns:xsd="http://www.w3.org/2001/XMLSchema" xmlns:xsi="http://www.w3.org/2001/XMLSchema-instance">
  <ProjectInfo ProjectId="ce84540a-4e57-4cf6-a83c-c5b716410500" ESProjectName="EdgeHowTos" ESDeviceName="HMI_RT_1" RtProjectFolderName="EdgeHowTos.HMI_Unified[MTP1200 Unified Comfort]" RtProjectName="EdgeHowTos.HMI_Unified[MTP1200 Unified Comfort]" DeviceType="MTP1200 Unified Comfort" DeviceVersion="16.0.0.0" CreationTime="07/01/2021 15:47:39" RuntimeAddonFolderName="UCP_7_22" FirmwareFileName="" RuntimeFileName="" PRCV="2.0.0.0" RTCV="16.0.0.0" RTReleaseNo="16.0.0.0" ImageReleaseNo="16.0.0.0" />
  <FullDownload>general\main.rdf</FullDownload>
  <FullDownload>general\dpIdentification.rdf</FullDownload>
  <FullDownload>general\config_AlertClass.rdf</FullDownload>
  <FullDownload>User.pbb</FullDownload>
  <FullDownload>general\cds.rdf</FullDownload>
  <FullDownload>general\ChromIdentification.rdf</FullDownload>
  <FullDownload>graphics\imageLibrary_1033.rdf</FullDownload>
  <FullDownload>graphics\graphicListLibrary.rdf</FullDownload>
  <FullDownload>general\config_HmiRuntime.rdf</FullDownload>
  <FullDownload>general\textLibrary_91_1033.rdf</FullDownload>
  <FullDownload>general\Style.rdf</FullDownload>
  <FullDownload>general\textLibrary_89_1033.rdf</FullDownload>
  <FullDownload>general\config_InitialValue.rdf</FullDownload>
  <FullDownload>general\textListLibrary.rdf</FullDownload>
  <FullDownload>screens\screen_112.rdf</FullDownload>
  <FullDownload>general\config_AlertHandler.rdf</FullDownload>
  <FullDownload type="ADMINDATA">UMCData.json</FullDownload>
  <FullDownload>device\devicesettings.pbb</FullDownload>
  <FullDownload>{9BA2ACF0-39B3-465B-8E10-28301ED605C5}.zip</FullDownload>
  <FullDownload>{9F7D29E9-06B2-4973-AACF-2888C34E6EF2}.zip</FullDownload>
  <FullDownload>config\config.level</FullDownload>
  <FullDownload>system\ProjectCharacteristics.rdf</FullDownload>
</DownloadTask>