{
  "version": "1",
  "groups": [
    {
      "name": "HMI Administrator",
      "roles": [
        "HMI Administrator"
      ],
      "users": []
    },
    {
      "name": "HMI Operator",
      "users": []
    },
    {
      "name": "HMI Monitor",
      "users": []
    }
  ],
  "roles": [
    {
      "name": "HMI Administrator",
      "rights": [
        "UM_ADMIN"
      ]
    }
  ],
  "globalAccountPolicies": {
    "enablePasswordHistoryByDays": 0,
    "enablePasswordHistoryByNumber": 1,
    "enablePasswordCheck": 1,
    "numberOfPasswordBeforeReuse": 5,
    "passwordAging": 0,
    "passwordMaxLength": 120,
    "passwordMinAlphaChar": 0,
    "passwordMinLength": 8,
    "passwordMinLowerChar": 1,
    "passwordMinUpperChar": 1,
    "passwordMinNumericChar": 1,
    "passwordMinOtherChar": 0
  },
  "umcConfig": {
    "local": {
      "domainName": "UM_Domain"
    }
  }
}